https://i.scdn.co/image/ab67616d0000b2733397cc60078359cce2ed2874,
https://i.scdn.co/image/ab67616d0000b27310f55f2af876cc662fc4ec12,
https://i.scdn.co/image/ab67616d0000b273a5234ad1d0dbc9dfc94c5ee5,
https://i.scdn.co/image/ab67616d0000b27345c195e2d6ba47920dbdd41d,
https://i.scdn.co/image/ab67616d0000b273a91de0623d0212733b38cd2d,
https://i.scdn.co/image/ab67616d0000b273e9a2bb369e73812ebcf30b56,
https://i.scdn.co/image/ab67616d0000b273a91de0623d0212733b38cd2d,
https://i.scdn.co/image/ab67616d0000b273ead3418d92456c9f3778a947,
https://i.scdn.co/image/ab67616d0000b273ae4d1fd56032dcb135976bd3,
https://i.scdn.co/image/ab67616d0000b27384b6abc19fb31fb382378bbc,
https://i.scdn.co/image/ab67616d0000b273ead3418d92456c9f3778a947,
https://i.scdn.co/image/ab67616d0000b27363b0407abcf3d2bad8431bb0,
https://i.scdn.co/image/ab67616d0000b273e51e6d8646e7a1a434e66fad,
