https://i.scdn.co/image/ab67616d0000b27339543ec3e9a3ed0ace142cd0,
https://i.scdn.co/image/ab67616d0000b273b74df3122f2376c638d28667,
https://i.scdn.co/image/ab67616d0000b273f0309c466fd1d658e605d3f0,
https://i.scdn.co/image/ab67616d0000b27339abdab31997fcb39b773670,
https://i.scdn.co/image/ab67616d0000b27364c4641903b0e8b59735f466,
https://i.scdn.co/image/ab67616d0000b27339abdab31997fcb39b773670,
https://i.scdn.co/image/ab67616d0000b273c98ab8d3cadb7bfb6f753162,
https://i.scdn.co/image/ab67616d0000b273a726c2e5225918e971665429,
https://i.scdn.co/image/ab67616d0000b273e3a666eaa36a2e7e3303811e,
https://i.scdn.co/image/ab67616d0000b273a96b0a358219f43653040152,
https://i.scdn.co/image/ab67616d0000b273d67485c0b132e1697ce79f8d,
https://i.scdn.co/image/ab67616d0000b273c98ab8d3cadb7bfb6f753162,
https://i.scdn.co/image/ab67616d0000b27364c4641903b0e8b59735f466,
https://i.scdn.co/image/ab67616d0000b27364c4641903b0e8b59735f466,
https://i.scdn.co/image/ab67616d0000b273c98ab8d3cadb7bfb6f753162,
https://i.scdn.co/image/ab67616d0000b2731d1d474fc97fd423a8ef6f14,
https://i.scdn.co/image/ab67616d0000b2736f7eba8cfefa5d7160d4dbbb,
https://i.scdn.co/image/ab67616d0000b2736f7eba8cfefa5d7160d4dbbb,
https://i.scdn.co/image/ab67616d0000b27336ab355712fb7a6ea1c31d0d,
https://i.scdn.co/image/ab67616d0000b273e3a666eaa36a2e7e3303811e,
https://i.scdn.co/image/ab67616d0000b273c98ab8d3cadb7bfb6f753162,
https://i.scdn.co/image/ab67616d0000b273c98ab8d3cadb7bfb6f753162,
https://i.scdn.co/image/ab67616d0000b273ecb8971ec5f705616cb36dff,
https://i.scdn.co/image/ab67616d0000b2736f7eba8cfefa5d7160d4dbbb,
https://i.scdn.co/image/ab67616d0000b2731d1d474fc97fd423a8ef6f14,
https://i.scdn.co/image/ab67616d0000b273b74df3122f2376c638d28667,
