https://i.scdn.co/image/ab67616d0000b27354661a43ecf0fdcfa0e1ec1a,
https://i.scdn.co/image/ab67616d0000b273539f9acfc0ca5f7ba4797e97,
https://i.scdn.co/image/ab67616d0000b2739a77db3f2f05f68e0b073468,
https://i.scdn.co/image/ab67616d0000b273e7eb920ba3a38455d3a0055b,
https://i.scdn.co/image/ab67616d0000b27348ecdba22bdd2bff40a107da,
https://i.scdn.co/image/ab67616d0000b27348ecdba22bdd2bff40a107da,
https://i.scdn.co/image/ab67616d0000b273539f9acfc0ca5f7ba4797e97,
https://i.scdn.co/image/ab67616d0000b2733c70e03340dc096a3fcadc00,
https://i.scdn.co/image/ab67616d0000b273008cf7c176a56f32a4d405c4,
https://i.scdn.co/image/ab67616d0000b273e7eb920ba3a38455d3a0055b,
https://i.scdn.co/image/ab67616d0000b27311e89255968e7644c8a7deb7,
https://i.scdn.co/image/ab67616d0000b273e7eb920ba3a38455d3a0055b,
https://i.scdn.co/image/ab67616d0000b2739a77db3f2f05f68e0b073468,
https://i.scdn.co/image/ab67616d0000b273e7eb920ba3a38455d3a0055b,
https://i.scdn.co/image/ab67616d0000b27348ecdba22bdd2bff40a107da,
https://i.scdn.co/image/ab67616d0000b273e7eb920ba3a38455d3a0055b,
https://i.scdn.co/image/ab67616d0000b273e7eb920ba3a38455d3a0055b,
https://i.scdn.co/image/ab67616d0000b273cfd61ffcd285a7719cf0ef66,
https://i.scdn.co/image/ab67616d0000b2730332a2fb80a4484150ac5dd2,
https://i.scdn.co/image/ab67616d0000b273256893884a3da08b4db36bd2,
https://i.scdn.co/image/ab67616d0000b27348ecdba22bdd2bff40a107da,
https://i.scdn.co/image/ab67616d0000b273e7eb920ba3a38455d3a0055b,
https://i.scdn.co/image/ab67616d0000b27311e89255968e7644c8a7deb7,
