https://i.scdn.co/image/ab67616d0000b273ebc4a0ab6ba7df9219bf7203,
https://i.scdn.co/image/ab67616d0000b27384be563c5931d7ef35706148,
https://i.scdn.co/image/ab67616d0000b273ef2675f7d33653eaa2cd7e1c,
https://i.scdn.co/image/ab67616d0000b273a32c77222e15a4fbc1e0d837,
https://i.scdn.co/image/ab67616d0000b273602c9567392bbf640373e293,
https://i.scdn.co/image/ab67616d0000b273aa769e35e297a20f214d0c64,
https://i.scdn.co/image/ab67616d0000b2736d3a1fa44e3651c7d49641e9,
https://i.scdn.co/image/ab67616d0000b273602c9567392bbf640373e293,
https://i.scdn.co/image/ab67616d0000b273368153aa19030caf67a22588,
https://i.scdn.co/image/ab67616d0000b2736d3a1fa44e3651c7d49641e9,
https://i.scdn.co/image/ab67616d0000b2736d3a1fa44e3651c7d49641e9,
https://i.scdn.co/image/ab67616d0000b273602c9567392bbf640373e293,
https://i.scdn.co/image/ab67616d0000b2736d3a1fa44e3651c7d49641e9,
https://i.scdn.co/image/ab67616d0000b273602c9567392bbf640373e293,
https://i.scdn.co/image/ab67616d0000b2736d3a1fa44e3651c7d49641e9,
https://i.scdn.co/image/ab67616d0000b273d7c379644bcc1e7f154dade5,
https://i.scdn.co/image/ab67616d0000b273a32c77222e15a4fbc1e0d837,
https://i.scdn.co/image/ab67616d0000b2736d3a1fa44e3651c7d49641e9,
https://i.scdn.co/image/ab67616d0000b2736d3a1fa44e3651c7d49641e9,
https://i.scdn.co/image/ab67616d0000b273fd5852930011e481b9107dfa,
https://i.scdn.co/image/ab67616d0000b2731897da6c136b934396a9aae6,
https://i.scdn.co/image/ab67616d0000b273d7c379644bcc1e7f154dade5,
https://i.scdn.co/image/ab67616d0000b273a32c77222e15a4fbc1e0d837,
https://i.scdn.co/image/ab67616d0000b27358a0d116efda120b1d2d4bc7,
https://i.scdn.co/image/ab67616d0000b2738cc586a48f7a7cf5d3867ffb,
https://i.scdn.co/image/ab67616d0000b27377a0287411ae28860967bd8d,
https://i.scdn.co/image/ab67616d0000b2733aabd0f5ace1e01b89c51500,
https://i.scdn.co/image/ab67616d0000b27358a0d116efda120b1d2d4bc7,
https://i.scdn.co/image/ab67616d0000b27377a0287411ae28860967bd8d,
https://i.scdn.co/image/ab67616d0000b273e04eb43df510a53e18535444,
https://i.scdn.co/image/ab67616d0000b27377a0287411ae28860967bd8d,
https://i.scdn.co/image/ab67616d0000b2736c49be578ad87f6291f6aebb,
https://i.scdn.co/image/ab67616d0000b273ef2675f7d33653eaa2cd7e1c,
https://i.scdn.co/image/ab67616d0000b273368153aa19030caf67a22588,
https://i.scdn.co/image/ab67616d0000b2736d3a1fa44e3651c7d49641e9,
https://i.scdn.co/image/ab67616d0000b273ef2675f7d33653eaa2cd7e1c,
https://i.scdn.co/image/ab67616d0000b27352a6d22d7e1d75842f64685f,
https://i.scdn.co/image/ab67616d0000b273a32c77222e15a4fbc1e0d837,
