https://i.scdn.co/image/ab67616d0000b273a4950162a626593b7340f6c7,
https://i.scdn.co/image/ab67616d0000b273851b83d8e138cb35b93db4db,
https://i.scdn.co/image/ab67616d0000b27375d9ecf8d29744037d2d6064,
https://i.scdn.co/image/ab67616d0000b2735901aaa980d3e714bf01171c,
https://i.scdn.co/image/ab67616d0000b273a2203fa0656cede30f879b97,
https://i.scdn.co/image/ab67616d0000b273a2203fa0656cede30f879b97,
https://i.scdn.co/image/ab67616d0000b273fde79b88e2a659c394c5ae30,
https://i.scdn.co/image/ab67616d0000b273fde79b88e2a659c394c5ae30,
https://i.scdn.co/image/14c9b02467ba39713663fbb4b78e1ad242a56e93,
https://i.scdn.co/image/ab67616d0000b273fde79b88e2a659c394c5ae30,
https://i.scdn.co/image/ab67616d0000b2733301a0c4e0c8c5e8c331e1d6,
https://i.scdn.co/image/ab67616d0000b273a4950162a626593b7340f6c7,
https://i.scdn.co/image/ab67616d0000b273fde79b88e2a659c394c5ae30,
https://i.scdn.co/image/ab67616d0000b2738c7a8e68dc5c20bb72f713f2,
https://i.scdn.co/image/ab67616d0000b273a4950162a626593b7340f6c7,
https://i.scdn.co/image/ab67616d0000b273a4950162a626593b7340f6c7,
https://i.scdn.co/image/ab67616d0000b2733397cc60078359cce2ed2874,
https://i.scdn.co/image/ab67616d0000b273fde79b88e2a659c394c5ae30,
https://i.scdn.co/image/ab67616d0000b273a4950162a626593b7340f6c7,
https://i.scdn.co/image/ab67616d0000b273f7b4214520a98a5f3d6bb1cd,
https://i.scdn.co/image/ab67616d0000b273f7f74100d5cc850e01172cbf,
https://i.scdn.co/image/ab67616d0000b273f22da4550a4de3cefb5afc0b,
https://i.scdn.co/image/ab67616d0000b2735901aaa980d3e714bf01171c,
https://i.scdn.co/image/ab67616d0000b27310f55f2af876cc662fc4ec12,
https://i.scdn.co/image/ab67616d0000b27377e8e20e0ac6182f94654a23,
https://i.scdn.co/image/ab67616d0000b2735901aaa980d3e714bf01171c,
https://i.scdn.co/image/ab67616d0000b2733301a0c4e0c8c5e8c331e1d6,
https://i.scdn.co/image/ab67616d0000b273788e4b609c57229f355b96b8,
https://i.scdn.co/image/ab67616d0000b273a5234ad1d0dbc9dfc94c5ee5,
https://i.scdn.co/image/ab67616d0000b27345c195e2d6ba47920dbdd41d,
https://i.scdn.co/image/ab67616d0000b2736a22f24dc3f261206548e15a,
https://i.scdn.co/image/ab67616d0000b273a91de0623d0212733b38cd2d,
https://i.scdn.co/image/ab67616d0000b273b5c61dfa664f679e5cd0b2e7,
https://i.scdn.co/image/ab67616d0000b273e9a2bb369e73812ebcf30b56,
https://i.scdn.co/image/ab67616d0000b273a91de0623d0212733b38cd2d,
https://i.scdn.co/image/ab67616d0000b273ead3418d92456c9f3778a947,
https://i.scdn.co/image/ab67616d0000b273ae4d1fd56032dcb135976bd3,
https://i.scdn.co/image/ab67616d0000b27376b9a49a6659d777ff33b8cb,
https://i.scdn.co/image/ab67616d0000b27384b6abc19fb31fb382378bbc,
https://i.scdn.co/image/ab67616d0000b273ead3418d92456c9f3778a947,
https://i.scdn.co/image/ab67616d0000b2737d51c47bf769edbf27663130,
https://i.scdn.co/image/ab67616d0000b27345f9c96413a26ceb95246acd,
https://i.scdn.co/image/ab67616d0000b27363b0407abcf3d2bad8431bb0,
https://i.scdn.co/image/ab67616d0000b273e51e6d8646e7a1a434e66fad,
