https://i.scdn.co/image/ab67616d0000b273c1ea4aac1ad07a38c59dd30c,
https://i.scdn.co/image/ab67616d0000b27339543ec3e9a3ed0ace142cd0,
https://i.scdn.co/image/ab67616d0000b273b74df3122f2376c638d28667,
https://i.scdn.co/image/ab67616d0000b273f0309c466fd1d658e605d3f0,
https://i.scdn.co/image/ab67616d0000b27339abdab31997fcb39b773670,
https://i.scdn.co/image/ab67616d0000b2730dddd5c0cb00324c1c94529a,
https://i.scdn.co/image/ab67616d0000b27364c4641903b0e8b59735f466,
https://i.scdn.co/image/ab67616d0000b27340e152d8a1f20c7a607e45db,
https://i.scdn.co/image/ab67616d0000b273744337277612adf159933425,
https://i.scdn.co/image/ab67616d0000b273c1ea4aac1ad07a38c59dd30c,
https://i.scdn.co/image/ab67616d0000b27340e152d8a1f20c7a607e45db,
https://i.scdn.co/image/ab67616d0000b273744337277612adf159933425,
https://i.scdn.co/image/ab67616d0000b27339abdab31997fcb39b773670,
https://i.scdn.co/image/ab67616d0000b2730dddd5c0cb00324c1c94529a,
https://i.scdn.co/image/ab67616d0000b2736b6e8939acefa65fb5ab3d2b,
https://i.scdn.co/image/ab67616d0000b273c98ab8d3cadb7bfb6f753162,
https://i.scdn.co/image/ab67616d0000b273a726c2e5225918e971665429,
https://i.scdn.co/image/ab67616d0000b2736b6e8939acefa65fb5ab3d2b,
https://i.scdn.co/image/ab67616d0000b273225c1579252abc31b7fcdb80,
https://i.scdn.co/image/ab67616d0000b273e3a666eaa36a2e7e3303811e,
https://i.scdn.co/image/ab67616d0000b273a96b0a358219f43653040152,
https://i.scdn.co/image/ab67616d0000b273c1ea4aac1ad07a38c59dd30c,
https://i.scdn.co/image/ab67616d0000b273d67485c0b132e1697ce79f8d,
https://i.scdn.co/image/ab67616d0000b273c98ab8d3cadb7bfb6f753162,
https://i.scdn.co/image/ab67616d0000b2732478ab26b6e5fe2cf84a9423,
https://i.scdn.co/image/ab67616d0000b2730dddd5c0cb00324c1c94529a,
https://i.scdn.co/image/ab67616d0000b273c1ea4aac1ad07a38c59dd30c,
https://i.scdn.co/image/ab67616d0000b2736b6e8939acefa65fb5ab3d2b,
https://i.scdn.co/image/ab67616d0000b27340e152d8a1f20c7a607e45db,
https://i.scdn.co/image/ab67616d0000b27364c4641903b0e8b59735f466,
https://i.scdn.co/image/ab67616d0000b2736b6e8939acefa65fb5ab3d2b,
https://i.scdn.co/image/ab67616d0000b273a436ddb177282e2cbd755725,
https://i.scdn.co/image/ab67616d0000b27364c4641903b0e8b59735f466,
https://i.scdn.co/image/ab67616d0000b273c98ab8d3cadb7bfb6f753162,
https://i.scdn.co/image/ab67616d0000b2730dddd5c0cb00324c1c94529a,
https://i.scdn.co/image/ab67616d0000b273c407fbb2b62ee25cc1897f6d,
https://i.scdn.co/image/ab67616d0000b273328a4f4c9cc6c6fa0b5181de,
https://i.scdn.co/image/ab67616d0000b273c407fbb2b62ee25cc1897f6d,
https://i.scdn.co/image/ab67616d0000b273f9fdb89914d0f4fa42982946,
https://i.scdn.co/image/ab67616d0000b273d52bea181dd7bf377de2e9fc,
https://i.scdn.co/image/ab67616d0000b2730dddd5c0cb00324c1c94529a,
https://i.scdn.co/image/ab67616d0000b273e3a666eaa36a2e7e3303811e,
https://i.scdn.co/image/ab67616d0000b273c98ab8d3cadb7bfb6f753162,
https://i.scdn.co/image/ab67616d0000b273c98ab8d3cadb7bfb6f753162,
https://i.scdn.co/image/ab67616d0000b273a436ddb177282e2cbd755725,
https://i.scdn.co/image/ab67616d0000b273f9fdb89914d0f4fa42982946,
https://i.scdn.co/image/ab67616d0000b273ecb8971ec5f705616cb36dff,
https://i.scdn.co/image/ab67616d0000b273b74df3122f2376c638d28667,
https://i.scdn.co/image/ab67616d0000b27340e152d8a1f20c7a607e45db,
https://i.scdn.co/image/ab67616d0000b273006734188d728f15a40aa753,
