https://i.scdn.co/image/ab67616d0000b273c79a70e8167cc1a4fab83781,
https://i.scdn.co/image/ab67616d0000b273c79a70e8167cc1a4fab83781,
https://i.scdn.co/image/ab67616d0000b2736a87e13e1bcd92a2c42cf1e7,
https://i.scdn.co/image/ab67616d0000b273ebc4a0ab6ba7df9219bf7203,
https://i.scdn.co/image/ab67616d0000b273374a967dda0cd404061b0607,
https://i.scdn.co/image/ab67616d0000b27308a611d441af018b582009dd,
https://i.scdn.co/image/ab67616d0000b273c79a70e8167cc1a4fab83781,
https://i.scdn.co/image/ab67616d0000b27377cf4557b2899021f216c8dd,
https://i.scdn.co/image/ab67616d0000b273da7034a325b42263c0fc2c34,
https://i.scdn.co/image/ab67616d0000b273ad7c319723dfb1a976524c49,
https://i.scdn.co/image/ab67616d0000b273e0771719103e330c4ffe50a7,
https://i.scdn.co/image/ab67616d0000b2737ae597243fee5ca096a80566,
https://i.scdn.co/image/ab67616d0000b2737ae597243fee5ca096a80566,
https://i.scdn.co/image/ab67616d0000b273a5234ad1d0dbc9dfc94c5ee5,
https://i.scdn.co/image/ab67616d0000b273e9a2bb369e73812ebcf30b56,
https://i.scdn.co/image/ab67616d0000b27325e6d0744cc8b84c1cab9adc,
https://i.scdn.co/image/ab67616d0000b27377cf4557b2899021f216c8dd,
https://i.scdn.co/image/ab67616d0000b273d7c379644bcc1e7f154dade5,
https://i.scdn.co/image/ab67616d0000b27369fd04f9168546b4c9e4c055,
https://i.scdn.co/image/ab67616d0000b273d7c379644bcc1e7f154dade5,
https://i.scdn.co/image/ab67616d0000b2737ae597243fee5ca096a80566,
https://i.scdn.co/image/ab67616d0000b2733aabd0f5ace1e01b89c51500,
https://i.scdn.co/image/ab67616d0000b2736c49be578ad87f6291f6aebb,
