https://i.scdn.co/image/ab67616d0000b273b0bea562f683bdb5469e495d,
https://i.scdn.co/image/ab67616d0000b27339543ec3e9a3ed0ace142cd0,
https://i.scdn.co/image/ab67616d0000b273f7b4214520a98a5f3d6bb1cd,
https://i.scdn.co/image/ab67616d0000b273f7f74100d5cc850e01172cbf,
https://i.scdn.co/image/ab67616d0000b273b74df3122f2376c638d28667,
https://i.scdn.co/image/ab67616d0000b273f0309c466fd1d658e605d3f0,
https://i.scdn.co/image/ab67616d0000b2734265ced59f64378b8a1904ad,
https://i.scdn.co/image/ab67616d0000b273e49f4677129d4b8b9d9f50ac,
https://i.scdn.co/image/ab67616d0000b27339abdab31997fcb39b773670,
https://i.scdn.co/image/ab67616d0000b2734265ced59f64378b8a1904ad,
https://i.scdn.co/image/ab67616d0000b273af1fc861e6fb97a5b5c42569,
https://i.scdn.co/image/ab67616d0000b27364c4641903b0e8b59735f466,
https://i.scdn.co/image/ab67616d0000b2734eec80cbda800bc2ffa74e40,
https://i.scdn.co/image/ab67616d0000b27339abdab31997fcb39b773670,
https://i.scdn.co/image/ab67616d0000b27329abadb473f1df264aadf9ce,
https://i.scdn.co/image/ab67616d0000b2732eeca53a8681b9e131366dc9,
https://i.scdn.co/image/ab67616d0000b273c98ab8d3cadb7bfb6f753162,
https://i.scdn.co/image/ab67616d0000b273a726c2e5225918e971665429,
https://i.scdn.co/image/ab67616d0000b273e3a666eaa36a2e7e3303811e,
https://i.scdn.co/image/ab67616d0000b273a96b0a358219f43653040152,
https://i.scdn.co/image/ab67616d0000b273d67485c0b132e1697ce79f8d,
https://i.scdn.co/image/ab67616d0000b273c98ab8d3cadb7bfb6f753162,
https://i.scdn.co/image/ab67616d0000b27364c4641903b0e8b59735f466,
https://i.scdn.co/image/ab67616d0000b27364c4641903b0e8b59735f466,
https://i.scdn.co/image/ab67616d0000b273c98ab8d3cadb7bfb6f753162,
https://i.scdn.co/image/ab67616d0000b27363b0407abcf3d2bad8431bb0,
https://i.scdn.co/image/ab67616d0000b273e3a666eaa36a2e7e3303811e,
https://i.scdn.co/image/ab67616d0000b273c98ab8d3cadb7bfb6f753162,
https://i.scdn.co/image/ab67616d0000b273c98ab8d3cadb7bfb6f753162,
https://i.scdn.co/image/ab67616d0000b273b74df3122f2376c638d28667,
