https://i.scdn.co/image/ab67616d0000b273783c16bd9b0b5bf80292b57e,
https://i.scdn.co/image/ab67616d0000b273bbdda6e24a3093afaa45c81d,
https://i.scdn.co/image/ab67616d0000b27358a0d116efda120b1d2d4bc7,
https://i.scdn.co/image/ab67616d0000b273783c16bd9b0b5bf80292b57e,
https://i.scdn.co/image/ab67616d0000b273d1c10c7a6b163e296fbf8e9c,
https://i.scdn.co/image/ab67616d0000b27358a0d116efda120b1d2d4bc7,
https://i.scdn.co/image/ab67616d0000b273e04eb43df510a53e18535444,
https://i.scdn.co/image/ab67616d0000b27330614e3cf26b4b50b27569e7,
https://i.scdn.co/image/ab67616d0000b27364e8fc445b23eddaf2705fce,
https://i.scdn.co/image/ab67616d0000b2731224e4afe00c0684071ee7b1,
https://i.scdn.co/image/ab67616d0000b2731224e4afe00c0684071ee7b1,
https://i.scdn.co/image/ab67616d0000b273783c16bd9b0b5bf80292b57e,
