https://i.scdn.co/image/ab67616d0000b273f7b4214520a98a5f3d6bb1cd,
https://i.scdn.co/image/ab67616d0000b273f0309c466fd1d658e605d3f0,
https://i.scdn.co/image/ab67616d0000b273ef2675f7d33653eaa2cd7e1c,
https://i.scdn.co/image/ab67616d0000b273602c9567392bbf640373e293,
https://i.scdn.co/image/ab67616d0000b273602c9567392bbf640373e293,
https://i.scdn.co/image/ab67616d0000b273602c9567392bbf640373e293,
https://i.scdn.co/image/ab67616d0000b273602c9567392bbf640373e293,
https://i.scdn.co/image/ab67616d0000b273c98ab8d3cadb7bfb6f753162,
https://i.scdn.co/image/ab67616d0000b273a726c2e5225918e971665429,
https://i.scdn.co/image/ab67616d0000b273e3a666eaa36a2e7e3303811e,
https://i.scdn.co/image/ab67616d0000b273a96b0a358219f43653040152,
https://i.scdn.co/image/ab67616d0000b273c98ab8d3cadb7bfb6f753162,
https://i.scdn.co/image/ab67616d0000b273fd5852930011e481b9107dfa,
https://i.scdn.co/image/ab67616d0000b273c98ab8d3cadb7bfb6f753162,
https://i.scdn.co/image/ab67616d0000b27363b0407abcf3d2bad8431bb0,
https://i.scdn.co/image/ab67616d0000b2738cc586a48f7a7cf5d3867ffb,
https://i.scdn.co/image/ab67616d0000b27377a0287411ae28860967bd8d,
https://i.scdn.co/image/ab67616d0000b273e3a666eaa36a2e7e3303811e,
https://i.scdn.co/image/ab67616d0000b27377a0287411ae28860967bd8d,
https://i.scdn.co/image/ab67616d0000b273c98ab8d3cadb7bfb6f753162,
https://i.scdn.co/image/ab67616d0000b273c98ab8d3cadb7bfb6f753162,
https://i.scdn.co/image/ab67616d0000b27377a0287411ae28860967bd8d,
https://i.scdn.co/image/ab67616d0000b273ef2675f7d33653eaa2cd7e1c,
https://i.scdn.co/image/ab67616d0000b273ef2675f7d33653eaa2cd7e1c,
