https://i.scdn.co/image/ab67616d0000b273dc3ce2b787ae2ca365f974f0,
https://i.scdn.co/image/ab67616d0000b273539f9acfc0ca5f7ba4797e97,
https://i.scdn.co/image/ab67616d0000b2730c46f1a7e2cb5ebfd4714b28,
https://i.scdn.co/image/ab67616d0000b27376d26f8726ba7cde15c26825,
https://i.scdn.co/image/ab67616d0000b27320564558636b133b95c81889,
https://i.scdn.co/image/ab67616d0000b2739a77db3f2f05f68e0b073468,
https://i.scdn.co/image/ab67616d0000b2735c00c8efbf844ab50a7c3472,
https://i.scdn.co/image/ab67616d0000b273a32c77222e15a4fbc1e0d837,
https://i.scdn.co/image/ab67616d0000b2730c46f1a7e2cb5ebfd4714b28,
https://i.scdn.co/image/ab67616d0000b273e7eb920ba3a38455d3a0055b,
https://i.scdn.co/image/ab67616d0000b2734a8a108d18479124b7f46beb,
https://i.scdn.co/image/ab67616d0000b2736d3a1fa44e3651c7d49641e9,
https://i.scdn.co/image/ab67616d0000b2736413c9e4e520a8075528f592,
https://i.scdn.co/image/ab67616d0000b273dc3ce2b787ae2ca365f974f0,
https://i.scdn.co/image/ab67616d0000b273368153aa19030caf67a22588,
https://i.scdn.co/image/ab67616d0000b27348ecdba22bdd2bff40a107da,
https://i.scdn.co/image/ab67616d0000b2738a5836b4c238ab802b48a80a,
https://i.scdn.co/image/ab67616d0000b2731f732354a14ccb6483b1fc7d,
https://i.scdn.co/image/ab67616d0000b273783c16bd9b0b5bf80292b57e,
https://i.scdn.co/image/ab67616d0000b2730c3ea7b650fa20d79c2b2413,
https://i.scdn.co/image/ab67616d0000b273b3d0e4f3a732275aef023ba6,
https://i.scdn.co/image/ab67616d0000b2739c63deddff43d8e8d6bc8d27,
https://i.scdn.co/image/ab67616d0000b2736d3a1fa44e3651c7d49641e9,
https://i.scdn.co/image/ab67616d0000b2736d3a1fa44e3651c7d49641e9,
https://i.scdn.co/image/ab67616d0000b2736413c9e4e520a8075528f592,
https://i.scdn.co/image/ab67616d0000b2732e4ff60736aba5b7133f1472,
https://i.scdn.co/image/ab67616d0000b273b3d0e4f3a732275aef023ba6,
https://i.scdn.co/image/ab67616d0000b273974885115ab74ae3854825dc,
https://i.scdn.co/image/ab67616d0000b27377d1fe318b342d2eccc4539a,
https://i.scdn.co/image/ab67616d0000b2730dddd5c0cb00324c1c94529a,
https://i.scdn.co/image/ab67616d0000b27348ecdba22bdd2bff40a107da,
https://i.scdn.co/image/ab67616d0000b273539f9acfc0ca5f7ba4797e97,
https://i.scdn.co/image/ab67616d0000b2736d3a1fa44e3651c7d49641e9,
https://i.scdn.co/image/ab67616d0000b2733c70e03340dc096a3fcadc00,
https://i.scdn.co/image/ab67616d0000b273d78de7ed9daff1b52852668b,
https://i.scdn.co/image/ab67616d0000b27340e152d8a1f20c7a607e45db,
https://i.scdn.co/image/ab67616d0000b273744337277612adf159933425,
https://i.scdn.co/image/ab67616d0000b27377d1fe318b342d2eccc4539a,
https://i.scdn.co/image/ab67616d0000b273fca24bada5381ac02c54033f,
https://i.scdn.co/image/ab67616d0000b2731f732354a14ccb6483b1fc7d,
https://i.scdn.co/image/ab67616d0000b27377b67184dec7074a2726440b,
https://i.scdn.co/image/ab67616d0000b273dc3ce2b787ae2ca365f974f0,
https://i.scdn.co/image/ab67616d0000b2732799015342c96de4a7bf9fae,
https://i.scdn.co/image/ab67616d0000b273da3782e4e6eb5acfeede7824,
https://i.scdn.co/image/ab67616d0000b273e7eb920ba3a38455d3a0055b,
https://i.scdn.co/image/ab67616d0000b2736d3a1fa44e3651c7d49641e9,
https://i.scdn.co/image/ab67616d0000b27340e152d8a1f20c7a607e45db,
https://i.scdn.co/image/ab67616d0000b2732eeca53a8681b9e131366dc9,
https://i.scdn.co/image/ab67616d0000b273fca24bada5381ac02c54033f,
https://i.scdn.co/image/ab67616d0000b273744337277612adf159933425,
https://i.scdn.co/image/ab67616d0000b273d715225d252ea7ddcb483583,
https://i.scdn.co/image/ab67616d0000b27377b67184dec7074a2726440b,
https://i.scdn.co/image/ab67616d0000b2730dddd5c0cb00324c1c94529a,
https://i.scdn.co/image/ab67616d0000b273390144af17eb19c99e5094a5,
https://i.scdn.co/image/ab67616d0000b273974885115ab74ae3854825dc,
https://i.scdn.co/image/ab67616d0000b273591ae95ad5dec25340a349c8,
https://i.scdn.co/image/ab67616d0000b273aef0dd69a683c49882819ada,
https://i.scdn.co/image/ab67616d0000b273a32c77222e15a4fbc1e0d837,
https://i.scdn.co/image/ab67616d0000b273e7eb920ba3a38455d3a0055b,
https://i.scdn.co/image/ab67616d0000b2736d3a1fa44e3651c7d49641e9,
https://i.scdn.co/image/ab67616d0000b273974885115ab74ae3854825dc,
https://i.scdn.co/image/ab67616d0000b273102243c1a88ded035df00e56,
https://i.scdn.co/image/ab67616d0000b273d7ad5017dda3e87209000645,
https://i.scdn.co/image/ab67616d0000b273591ae95ad5dec25340a349c8,
https://i.scdn.co/image/ab67616d0000b2739a77db3f2f05f68e0b073468,
https://i.scdn.co/image/ab67616d0000b2739780478cad7ac2c5a75d0a84,
https://i.scdn.co/image/ab67616d0000b273aef0dd69a683c49882819ada,
https://i.scdn.co/image/ab67616d0000b273e7eb920ba3a38455d3a0055b,
https://i.scdn.co/image/ab67616d0000b273dc3ce2b787ae2ca365f974f0,
https://i.scdn.co/image/ab67616d0000b273dd32beb3f609d35b284aace2,
https://i.scdn.co/image/ab67616d0000b2736d3a1fa44e3651c7d49641e9,
https://i.scdn.co/image/ab67616d0000b2739c63deddff43d8e8d6bc8d27,
https://i.scdn.co/image/ab67616d0000b27348ecdba22bdd2bff40a107da,
https://i.scdn.co/image/ab67616d0000b273b3d0e4f3a732275aef023ba6,
https://i.scdn.co/image/ab67616d0000b273e7eb920ba3a38455d3a0055b,
https://i.scdn.co/image/ab67616d0000b273591ae95ad5dec25340a349c8,
https://i.scdn.co/image/ab67616d0000b273aef0dd69a683c49882819ada,
https://i.scdn.co/image/ab67616d0000b273b3d0e4f3a732275aef023ba6,
https://i.scdn.co/image/ab67616d0000b273974885115ab74ae3854825dc,
https://i.scdn.co/image/ab67616d0000b273f5b78b184791429ff591d444,
https://i.scdn.co/image/ab67616d0000b273e7eb920ba3a38455d3a0055b,
https://i.scdn.co/image/ab67616d0000b273140bf7763dc4647dec0d3dba,
https://i.scdn.co/image/ab67616d0000b2735d06d988d5e558fd48c25b81,
https://i.scdn.co/image/ab67616d0000b273b31f2c4a1bb4dd6496b1c8d4,
https://i.scdn.co/image/ab67616d0000b2738383a0a1e69254ededbce006,
https://i.scdn.co/image/ab67616d0000b2736966b15169ca0e31cde1b43a,
https://i.scdn.co/image/ab67616d0000b2736966b15169ca0e31cde1b43a,
https://i.scdn.co/image/ab67616d0000b2730dddd5c0cb00324c1c94529a,
https://i.scdn.co/image/ab67616d0000b273140bf7763dc4647dec0d3dba,
https://i.scdn.co/image/ab67616d0000b273dc3ce2b787ae2ca365f974f0,
https://i.scdn.co/image/ab67616d0000b27377d1fe318b342d2eccc4539a,
https://i.scdn.co/image/ab67616d0000b27377b67184dec7074a2726440b,
https://i.scdn.co/image/ab67616d0000b273d78de7ed9daff1b52852668b,
https://i.scdn.co/image/ab67616d0000b2731897da6c136b934396a9aae6,
https://i.scdn.co/image/ab67616d0000b2739f9a23133568d6ba75cb926e,
https://i.scdn.co/image/ab67616d0000b27340e152d8a1f20c7a607e45db,
https://i.scdn.co/image/ab67616d0000b2739c63deddff43d8e8d6bc8d27,
https://i.scdn.co/image/ab67616d0000b2730332a2fb80a4484150ac5dd2,
https://i.scdn.co/image/ab67616d0000b2739780478cad7ac2c5a75d0a84,
https://i.scdn.co/image/ab67616d0000b273bbdda6e24a3093afaa45c81d,
https://i.scdn.co/image/ab67616d0000b2736966b15169ca0e31cde1b43a,
https://i.scdn.co/image/ab67616d0000b27384a7448c13c6ddb99402968e,
https://i.scdn.co/image/ab67616d0000b2731f732354a14ccb6483b1fc7d,
https://i.scdn.co/image/ab67616d0000b273d8cb5487af7fe01ecd16d1bf,
https://i.scdn.co/image/ab67616d0000b2731d1d474fc97fd423a8ef6f14,
https://i.scdn.co/image/ab67616d0000b273a32c77222e15a4fbc1e0d837,
https://i.scdn.co/image/ab67616d0000b2735c00c8efbf844ab50a7c3472,
https://i.scdn.co/image/ab67616d0000b2732423ad3804ef688c055b4d67,
https://i.scdn.co/image/ab67616d0000b273140bf7763dc4647dec0d3dba,
https://i.scdn.co/image/ab67616d0000b2730dddd5c0cb00324c1c94529a,
https://i.scdn.co/image/ab67616d0000b273c407fbb2b62ee25cc1897f6d,
https://i.scdn.co/image/ab67616d0000b2736f7eba8cfefa5d7160d4dbbb,
https://i.scdn.co/image/ab67616d0000b273b3d0e4f3a732275aef023ba6,
https://i.scdn.co/image/ab67616d0000b273328a4f4c9cc6c6fa0b5181de,
https://i.scdn.co/image/ab67616d0000b2736ace17181d297c69df0ec9eb,
https://i.scdn.co/image/ab67616d0000b2735c00c8efbf844ab50a7c3472,
https://i.scdn.co/image/ab67616d0000b273520043ab4865c21eef097834,
https://i.scdn.co/image/ab67616d0000b27358a0d116efda120b1d2d4bc7,
https://i.scdn.co/image/ab67616d0000b2736413c9e4e520a8075528f592,
https://i.scdn.co/image/ab67616d0000b2731f732354a14ccb6483b1fc7d,
https://i.scdn.co/image/ab67616d0000b27377b67184dec7074a2726440b,
https://i.scdn.co/image/ab67616d0000b2737f8f56ebfd55286f5a51f558,
https://i.scdn.co/image/ab67616d0000b2738a5836b4c238ab802b48a80a,
https://i.scdn.co/image/ab67616d0000b273c407fbb2b62ee25cc1897f6d,
https://i.scdn.co/image/ab67616d0000b273783c16bd9b0b5bf80292b57e,
https://i.scdn.co/image/ab67616d0000b2738a5836b4c238ab802b48a80a,
https://i.scdn.co/image/ab67616d0000b273fca24bada5381ac02c54033f,
https://i.scdn.co/image/ab67616d0000b273974885115ab74ae3854825dc,
https://i.scdn.co/image/ab67616d0000b2736f7eba8cfefa5d7160d4dbbb,
https://i.scdn.co/image/ab67616d0000b27336ab355712fb7a6ea1c31d0d,
https://i.scdn.co/image/ab67616d0000b273d52bea181dd7bf377de2e9fc,
https://i.scdn.co/image/ab67616d0000b2731c3187c49ae13b80283a8040,
https://i.scdn.co/image/ab67616d0000b2730dddd5c0cb00324c1c94529a,
https://i.scdn.co/image/ab67616d0000b27358a0d116efda120b1d2d4bc7,
https://i.scdn.co/image/ab67616d0000b27348ecdba22bdd2bff40a107da,
https://i.scdn.co/image/ab67616d0000b273bf76d39020acb06d472e11d7,
https://i.scdn.co/image/ab67616d0000b2739c63deddff43d8e8d6bc8d27,
https://i.scdn.co/image/ab67616d0000b273e7eb920ba3a38455d3a0055b,
https://i.scdn.co/image/ab67616d0000b273e04eb43df510a53e18535444,
https://i.scdn.co/image/ab67616d0000b2736966b15169ca0e31cde1b43a,
https://i.scdn.co/image/ab67616d0000b273468fa5ec4a26448e334485fc,
https://i.scdn.co/image/ab67616d0000b273b31f2c4a1bb4dd6496b1c8d4,
https://i.scdn.co/image/ab67616d0000b2734a8a108d18479124b7f46beb,
https://i.scdn.co/image/ab67616d0000b27330614e3cf26b4b50b27569e7,
https://i.scdn.co/image/ab67616d0000b273d78de7ed9daff1b52852668b,
https://i.scdn.co/image/ab67616d0000b2735c00c8efbf844ab50a7c3472,
https://i.scdn.co/image/ab67616d0000b273390144af17eb19c99e5094a5,
https://i.scdn.co/image/ab67616d0000b273aef0dd69a683c49882819ada,
https://i.scdn.co/image/ab67616d0000b27364e8fc445b23eddaf2705fce,
https://i.scdn.co/image/ab67616d0000b2737706bdced5e24c9e33ed6884,
https://i.scdn.co/image/ab67616d0000b273468fa5ec4a26448e334485fc,
https://i.scdn.co/image/ab67616d0000b2731224e4afe00c0684071ee7b1,
https://i.scdn.co/image/ab67616d0000b273974885115ab74ae3854825dc,
https://i.scdn.co/image/ab67616d0000b273591ae95ad5dec25340a349c8,
https://i.scdn.co/image/ab67616d0000b273591ae95ad5dec25340a349c8,
https://i.scdn.co/image/ab67616d0000b273ecb8971ec5f705616cb36dff,
https://i.scdn.co/image/ab67616d0000b273f5b78b184791429ff591d444,
https://i.scdn.co/image/ab67616d0000b273368153aa19030caf67a22588,
https://i.scdn.co/image/ab67616d0000b2735c00c8efbf844ab50a7c3472,
https://i.scdn.co/image/ab67616d0000b2731224e4afe00c0684071ee7b1,
https://i.scdn.co/image/ab67616d0000b2732423ad3804ef688c055b4d67,
https://i.scdn.co/image/ab67616d0000b2739780478cad7ac2c5a75d0a84,
https://i.scdn.co/image/ab67616d0000b2736d3a1fa44e3651c7d49641e9,
https://i.scdn.co/image/ab67616d0000b2739c63deddff43d8e8d6bc8d27,
https://i.scdn.co/image/ab67616d0000b273783c16bd9b0b5bf80292b57e,
https://i.scdn.co/image/ab67616d0000b273da3782e4e6eb5acfeede7824,
https://i.scdn.co/image/ab67616d0000b2736f7eba8cfefa5d7160d4dbbb,
https://i.scdn.co/image/ab67616d0000b273d715225d252ea7ddcb483583,
https://i.scdn.co/image/ab67616d0000b273aef0dd69a683c49882819ada,
https://i.scdn.co/image/ab67616d0000b273da0992d86e45445e8e15a3b7,
https://i.scdn.co/image/ab67616d0000b2731d1d474fc97fd423a8ef6f14,
https://i.scdn.co/image/ab67616d0000b2732799015342c96de4a7bf9fae,
https://i.scdn.co/image/ab67616d0000b2735d59b29e02019e4086c9bc11,
https://i.scdn.co/image/ab67616d0000b273028535a79baa6b52969db13d,
https://i.scdn.co/image/ab67616d0000b27340e152d8a1f20c7a607e45db,
https://i.scdn.co/image/ab67616d0000b2736413c9e4e520a8075528f592,
https://i.scdn.co/image/ab67616d0000b27352a6d22d7e1d75842f64685f,
https://i.scdn.co/image/ab67616d0000b2739f9a23133568d6ba75cb926e,
https://i.scdn.co/image/ab67616d0000b273591ae95ad5dec25340a349c8,
https://i.scdn.co/image/ab67616d0000b273390144af17eb19c99e5094a5,
https://i.scdn.co/image/ab67616d0000b273a32c77222e15a4fbc1e0d837,
