https://i.scdn.co/image/ab67616d0000b27368820c2a3865d138ab7daba3,
https://i.scdn.co/image/ab67616d0000b273ae9a8fcf55d7d74ca02c1e66,
https://i.scdn.co/image/ab67616d0000b273ae9a8fcf55d7d74ca02c1e66,
https://i.scdn.co/image/ab67616d0000b273994c319841a923465d62e271,
https://i.scdn.co/image/ab67616d0000b273298c8b57e26b95bf2cd822b6,
https://i.scdn.co/image/ab67616d0000b273ae9a8fcf55d7d74ca02c1e66,
https://i.scdn.co/image/ab67616d0000b273c79a70e8167cc1a4fab83781,
https://i.scdn.co/image/ab67616d0000b27396c799b97ad8d8be2d315dd0,
https://i.scdn.co/image/ab67616d0000b273d81a092eb373ded457d94eec,
https://i.scdn.co/image/ab67616d0000b273826cbd7282f36016021d3d30,
https://i.scdn.co/image/ab67616d0000b2733d8c2a1fd8e8c2c2d4c844d2,
https://i.scdn.co/image/ab67616d0000b273c79a70e8167cc1a4fab83781,
https://i.scdn.co/image/ab67616d0000b2739b19c107109de740bad72df5,
https://i.scdn.co/image/ab67616d0000b273e28bdd0171711b05b76df711,
https://i.scdn.co/image/ab67616d0000b2736a87e13e1bcd92a2c42cf1e7,
https://i.scdn.co/image/9874e9c93936c9c48bd1571c6ebdd3892b1f20a3,
https://i.scdn.co/image/ab67616d0000b273dc3ce2b787ae2ca365f974f0,
https://i.scdn.co/image/ab67616d0000b273a086c1a2b464df2c41c964d4,
https://i.scdn.co/image/ab67616d0000b2739b19c107109de740bad72df5,
https://i.scdn.co/image/ab67616d0000b273629f765496596c612e2ed7fd,
https://i.scdn.co/image/ab67616d0000b273ae9a8fcf55d7d74ca02c1e66,
https://i.scdn.co/image/ab67616d0000b273dc20ba099bc933674f58ebae,
https://i.scdn.co/image/ab67616d0000b273f6b9b62ea130943d371b69ef,
https://i.scdn.co/image/ab67616d0000b2733d8c2a1fd8e8c2c2d4c844d2,
https://i.scdn.co/image/ab67616d0000b2733d8c2a1fd8e8c2c2d4c844d2,
https://i.scdn.co/image/ab67616d0000b273d81a092eb373ded457d94eec,
https://i.scdn.co/image/ab67616d0000b273ae9a8fcf55d7d74ca02c1e66,
https://i.scdn.co/image/ab67616d0000b273d81a092eb373ded457d94eec,
https://i.scdn.co/image/ab67616d0000b2739b19c107109de740bad72df5,
https://i.scdn.co/image/ab67616d0000b273374a967dda0cd404061b0607,
https://i.scdn.co/image/ab67616d0000b2733d8c2a1fd8e8c2c2d4c844d2,
https://i.scdn.co/image/ab67616d0000b27345cf77f24a098d03959c166f,
https://i.scdn.co/image/ab67616d0000b2733c447d882bd22a69cc6af9da,
https://i.scdn.co/image/ab67616d0000b27308a611d441af018b582009dd,
https://i.scdn.co/image/ab67616d0000b2737f2440488a5a9edd05c525c8,
https://i.scdn.co/image/ab67616d0000b27308a611d441af018b582009dd,
https://i.scdn.co/image/ab67616d0000b273d21d7962c98e2dff4ec2348e,
https://i.scdn.co/image/ab67616d0000b2737f2440488a5a9edd05c525c8,
https://i.scdn.co/image/ab67616d0000b27317bf7f81b1a61b828c786857,
https://i.scdn.co/image/ab67616d0000b273c79a70e8167cc1a4fab83781,
https://i.scdn.co/image/ab67616d0000b273d81a092eb373ded457d94eec,
https://i.scdn.co/image/ab67616d0000b2737f6f6c9e4b492a3d7e910d82,
https://i.scdn.co/image/ab67616d0000b273b0bea562f683bdb5469e495d,
https://i.scdn.co/image/ab67616d0000b273c1ea4aac1ad07a38c59dd30c,
https://i.scdn.co/image/ab67616d0000b27339543ec3e9a3ed0ace142cd0,
https://i.scdn.co/image/ab67616d0000b27377cf4557b2899021f216c8dd,
https://i.scdn.co/image/ab67616d0000b2739b19c107109de740bad72df5,
https://i.scdn.co/image/ab67616d0000b27355b96f6473372230c80847a1,
https://i.scdn.co/image/ab67616d0000b27368820c2a3865d138ab7daba3,
https://i.scdn.co/image/ab67616d0000b2733d8c2a1fd8e8c2c2d4c844d2,
https://i.scdn.co/image/ab67616d0000b2733d8c2a1fd8e8c2c2d4c844d2,
https://i.scdn.co/image/ab67616d0000b27304b9ab6bd4bf6a350ba902ea,
https://i.scdn.co/image/ab67616d0000b273298c8b57e26b95bf2cd822b6,
https://i.scdn.co/image/ab67616d0000b273539f9acfc0ca5f7ba4797e97,
https://i.scdn.co/image/ab67616d0000b27304b9ab6bd4bf6a350ba902ea,
https://i.scdn.co/image/ab67616d0000b273b74df3122f2376c638d28667,
https://i.scdn.co/image/ab67616d0000b27374bdcb13ad3968879ad6b8d7,
https://i.scdn.co/image/ab67616d0000b273d81a092eb373ded457d94eec,
https://i.scdn.co/image/ab67616d0000b2737f2440488a5a9edd05c525c8,
https://i.scdn.co/image/ab67616d0000b2735b193323064bbf4b2993e40c,
https://i.scdn.co/image/ab67616d0000b2730c46f1a7e2cb5ebfd4714b28,
https://i.scdn.co/image/ab67616d0000b273f0309c466fd1d658e605d3f0,
https://i.scdn.co/image/ab67616d0000b273bb2aad1ceb011b96b07f3461,
https://i.scdn.co/image/ab67616d0000b27376d26f8726ba7cde15c26825,
https://i.scdn.co/image/ab67616d0000b273ae9a8fcf55d7d74ca02c1e66,
https://i.scdn.co/image/ab67616d0000b273da7034a325b42263c0fc2c34,
https://i.scdn.co/image/ab67616d0000b273f6b9b62ea130943d371b69ef,
https://i.scdn.co/image/ab67616d0000b27320564558636b133b95c81889,
https://i.scdn.co/image/ab67616d0000b2739a77db3f2f05f68e0b073468,
https://i.scdn.co/image/ab67616d0000b2735c00c8efbf844ab50a7c3472,
https://i.scdn.co/image/ab67616d0000b273a32c77222e15a4fbc1e0d837,
https://i.scdn.co/image/ab67616d0000b2739b19c107109de740bad72df5,
https://i.scdn.co/image/ab67616d0000b2737b503521b0cf4be90c049aa1,
https://i.scdn.co/image/ab67616d0000b273ad7c319723dfb1a976524c49,
https://i.scdn.co/image/ab67616d0000b27317bf7f81b1a61b828c786857,
https://i.scdn.co/image/ab67616d0000b273655453a89b986b39ed563057,
https://i.scdn.co/image/ab67616d0000b273e0771719103e330c4ffe50a7,
https://i.scdn.co/image/ab67616d0000b273655453a89b986b39ed563057,
https://i.scdn.co/image/ab67616d0000b2730c46f1a7e2cb5ebfd4714b28,
https://i.scdn.co/image/ab67616d0000b2737f2440488a5a9edd05c525c8,
https://i.scdn.co/image/ab67616d0000b273e7eb920ba3a38455d3a0055b,
https://i.scdn.co/image/ab67616d0000b2734a8a108d18479124b7f46beb,
https://i.scdn.co/image/ab67616d0000b2736d3a1fa44e3651c7d49641e9,
https://i.scdn.co/image/ab67616d0000b273ae9a8fcf55d7d74ca02c1e66,
https://i.scdn.co/image/ab67616d0000b27339abdab31997fcb39b773670,
https://i.scdn.co/image/ab67616d0000b2737579fb3388d72153c49375e9,
https://i.scdn.co/image/ab67616d0000b27336e6691a0db057b9dd6f9f9a,
https://i.scdn.co/image/ab67616d0000b2733d8c2a1fd8e8c2c2d4c844d2,
https://i.scdn.co/image/ab67616d0000b27374bdcb13ad3968879ad6b8d7,
https://i.scdn.co/image/ab67616d0000b273655453a89b986b39ed563057,
https://i.scdn.co/image/ab67616d0000b2735d0ef88e7f4e3c66b6accf8c,
https://i.scdn.co/image/ab67616d0000b2736413c9e4e520a8075528f592,
https://i.scdn.co/image/ab67616d0000b273dc3ce2b787ae2ca365f974f0,
https://i.scdn.co/image/ab67616d0000b2733d8c2a1fd8e8c2c2d4c844d2,
https://i.scdn.co/image/ab67616d0000b273368153aa19030caf67a22588,
https://i.scdn.co/image/ab67616d0000b2737e1888783100598328e20e9b,
https://i.scdn.co/image/ab67616d0000b27348ecdba22bdd2bff40a107da,
https://i.scdn.co/image/ab67616d0000b273edfb9175857fb59639e148e0,
https://i.scdn.co/image/ab67616d0000b2738a5836b4c238ab802b48a80a,
https://i.scdn.co/image/ab67616d0000b2731f732354a14ccb6483b1fc7d,
https://i.scdn.co/image/ab67616d0000b273783c16bd9b0b5bf80292b57e,
https://i.scdn.co/image/ab67616d0000b2737f2440488a5a9edd05c525c8,
https://i.scdn.co/image/ab67616d0000b273c2071b1a5546cf585a2da1ea,
https://i.scdn.co/image/ab67616d0000b2730c3ea7b650fa20d79c2b2413,
https://i.scdn.co/image/ab67616d0000b273b45ad59bdd13ff6350120b29,
https://i.scdn.co/image/ab67616d0000b273c2113e58bf68702fca35a3f8,
https://i.scdn.co/image/ab67616d0000b273b3d0e4f3a732275aef023ba6,
https://i.scdn.co/image/ab67616d0000b273c2071b1a5546cf585a2da1ea,
https://i.scdn.co/image/ab67616d0000b273c39b72d5732f05c0b61fb70b,
https://i.scdn.co/image/ab67616d0000b273459b77fad0237e7cc4e5da49,
https://i.scdn.co/image/ab67616d0000b2739c63deddff43d8e8d6bc8d27,
https://i.scdn.co/image/ab67616d0000b273f0aea76afe328b73cfd201a9,
https://i.scdn.co/image/ab67616d0000b273728eae89427c8bdc50780c92,
https://i.scdn.co/image/ab67616d0000b273b45ad59bdd13ff6350120b29,
https://i.scdn.co/image/ab67616d0000b2736d3a1fa44e3651c7d49641e9,
https://i.scdn.co/image/ab67616d0000b2736d3a1fa44e3651c7d49641e9,
https://i.scdn.co/image/ab67616d0000b273af1fc861e6fb97a5b5c42569,
https://i.scdn.co/image/ab67616d0000b2736413c9e4e520a8075528f592,
https://i.scdn.co/image/ab67616d0000b2732e4ff60736aba5b7133f1472,
https://i.scdn.co/image/ab67616d0000b273b3d0e4f3a732275aef023ba6,
https://i.scdn.co/image/ab67616d0000b273974885115ab74ae3854825dc,
https://i.scdn.co/image/ab67616d0000b27377d1fe318b342d2eccc4539a,
https://i.scdn.co/image/ab67616d0000b2730dddd5c0cb00324c1c94529a,
https://i.scdn.co/image/ab67616d0000b27364c4641903b0e8b59735f466,
https://i.scdn.co/image/ab67616d0000b27315d12c0659a917040b7f5c63,
https://i.scdn.co/image/ab67616d0000b27348ecdba22bdd2bff40a107da,
https://i.scdn.co/image/ab67616d0000b273539f9acfc0ca5f7ba4797e97,
https://i.scdn.co/image/ab67616d0000b2737f2440488a5a9edd05c525c8,
https://i.scdn.co/image/ab67616d0000b2736d3a1fa44e3651c7d49641e9,
https://i.scdn.co/image/ab67616d0000b2733c70e03340dc096a3fcadc00,
https://i.scdn.co/image/ab67616d0000b273938411e683cb7df946f28a60,
https://i.scdn.co/image/ab67616d0000b273d78de7ed9daff1b52852668b,
https://i.scdn.co/image/ab67616d0000b273afe3412dd6b40dc661fe3820,
https://i.scdn.co/image/ab67616d0000b27340e152d8a1f20c7a607e45db,
https://i.scdn.co/image/ab67616d0000b27325e6d0744cc8b84c1cab9adc,
https://i.scdn.co/image/9874e9c93936c9c48bd1571c6ebdd3892b1f20a3,
https://i.scdn.co/image/ab67616d0000b2737f2440488a5a9edd05c525c8,
https://i.scdn.co/image/ab67616d0000b27384a7448c13c6ddb99402968e,
https://i.scdn.co/image/ab67616d0000b27377d1fe318b342d2eccc4539a,
https://i.scdn.co/image/ab67616d0000b273fca24bada5381ac02c54033f,
https://i.scdn.co/image/ab67616d0000b2731f732354a14ccb6483b1fc7d,
https://i.scdn.co/image/ab67616d0000b27377b67184dec7074a2726440b,
https://i.scdn.co/image/ab67616d0000b273008cf7c176a56f32a4d405c4,
https://i.scdn.co/image/ab67616d0000b27377cf4557b2899021f216c8dd,
https://i.scdn.co/image/ab67616d0000b2734eec80cbda800bc2ffa74e40,
https://i.scdn.co/image/ab67616d0000b273e4c057ae017c9d52a4b689d1,
https://i.scdn.co/image/ab67616d0000b273c1ea4aac1ad07a38c59dd30c,
https://i.scdn.co/image/ab67616d0000b273dc3ce2b787ae2ca365f974f0,
https://i.scdn.co/image/ab67616d0000b2732799015342c96de4a7bf9fae,
https://i.scdn.co/image/ab67616d0000b273c2071b1a5546cf585a2da1ea,
https://i.scdn.co/image/ab67616d0000b273f6b9b62ea130943d371b69ef,
https://i.scdn.co/image/ab67616d0000b2733613623034ab74bfc48cbf91,
https://i.scdn.co/image/ab67616d0000b273da3782e4e6eb5acfeede7824,
https://i.scdn.co/image/ab67616d0000b27354bea31b079e4d660506951c,
https://i.scdn.co/image/ab67616d0000b273e7eb920ba3a38455d3a0055b,
https://i.scdn.co/image/ab67616d0000b2730f70a72e0c7a06f06ca5270e,
https://i.scdn.co/image/ab67616d0000b273655453a89b986b39ed563057,
https://i.scdn.co/image/ab67616d0000b273bb2aad1ceb011b96b07f3461,
https://i.scdn.co/image/ab67616d0000b2736d3a1fa44e3651c7d49641e9,
https://i.scdn.co/image/ab67616d0000b273d2939cd35a91749044ec6a89,
https://i.scdn.co/image/ab67616d0000b273477e85956155007ffc103f3d,
https://i.scdn.co/image/ab67616d0000b27340e152d8a1f20c7a607e45db,
https://i.scdn.co/image/ab67616d0000b273c44e4925c4450364560e9847,
https://i.scdn.co/image/ab67616d0000b2732eeca53a8681b9e131366dc9,
https://i.scdn.co/image/ab67616d0000b27355b96f6473372230c80847a1,
https://i.scdn.co/image/ab67616d0000b273c39b72d5732f05c0b61fb70b,
https://i.scdn.co/image/ab67616d0000b273fca24bada5381ac02c54033f,
https://i.scdn.co/image/ab67616d0000b27339abdab31997fcb39b773670,
https://i.scdn.co/image/ab67616d0000b273805c71850d55812542ed27e1,
https://i.scdn.co/image/ab67616d0000b273d715225d252ea7ddcb483583,
https://i.scdn.co/image/ab67616d0000b27377b67184dec7074a2726440b,
https://i.scdn.co/image/ab67616d0000b2730dddd5c0cb00324c1c94529a,
https://i.scdn.co/image/ab67616d0000b273390144af17eb19c99e5094a5,
https://i.scdn.co/image/ab67616d0000b273d2939cd35a91749044ec6a89,
https://i.scdn.co/image/ab67616d0000b273655453a89b986b39ed563057,
https://i.scdn.co/image/ab67616d0000b27311e89255968e7644c8a7deb7,
https://i.scdn.co/image/ab67616d0000b273974885115ab74ae3854825dc,
https://i.scdn.co/image/ab67616d0000b2732eeca53a8681b9e131366dc9,
https://i.scdn.co/image/ab67616d0000b2736b6e8939acefa65fb5ab3d2b,
https://i.scdn.co/image/ab67616d0000b273591ae95ad5dec25340a349c8,
https://i.scdn.co/image/ab67616d0000b273aef0dd69a683c49882819ada,
https://i.scdn.co/image/ab67616d0000b273591807faf242bee26126dcfe,
https://i.scdn.co/image/ab67616d0000b273a32c77222e15a4fbc1e0d837,
https://i.scdn.co/image/ab67616d0000b273e7eb920ba3a38455d3a0055b,
https://i.scdn.co/image/ab67616d0000b2736d3a1fa44e3651c7d49641e9,
https://i.scdn.co/image/ab67616d0000b273974885115ab74ae3854825dc,
https://i.scdn.co/image/ab67616d0000b273102243c1a88ded035df00e56,
https://i.scdn.co/image/ab67616d0000b273c328620799d3c2399306e0c0,
https://i.scdn.co/image/ab67616d0000b273a53e29b06595a879628b5580,
https://i.scdn.co/image/ab67616d0000b273d7ad5017dda3e87209000645,
https://i.scdn.co/image/ab67616d0000b273591ae95ad5dec25340a349c8,
https://i.scdn.co/image/ab67616d0000b273c98ab8d3cadb7bfb6f753162,
https://i.scdn.co/image/ab67616d0000b2739a77db3f2f05f68e0b073468,
https://i.scdn.co/image/ab67616d0000b273a726c2e5225918e971665429,
https://i.scdn.co/image/ab67616d0000b2736b6e8939acefa65fb5ab3d2b,
https://i.scdn.co/image/ab67616d0000b2739780478cad7ac2c5a75d0a84,
https://i.scdn.co/image/ab67616d0000b273aef0dd69a683c49882819ada,
https://i.scdn.co/image/ab67616d0000b273e7eb920ba3a38455d3a0055b,
https://i.scdn.co/image/ab67616d0000b273c2071b1a5546cf585a2da1ea,
https://i.scdn.co/image/ab67616d0000b273dc3ce2b787ae2ca365f974f0,
https://i.scdn.co/image/ab67616d0000b273c39b72d5732f05c0b61fb70b,
https://i.scdn.co/image/ab67616d0000b273dd32beb3f609d35b284aace2,
https://i.scdn.co/image/ab67616d0000b2736d3a1fa44e3651c7d49641e9,
https://i.scdn.co/image/ab67616d0000b2739c63deddff43d8e8d6bc8d27,
https://i.scdn.co/image/ab67616d0000b273d7cd1518ed806e9e55670d8b,
https://i.scdn.co/image/ab67616d0000b27348ecdba22bdd2bff40a107da,
https://i.scdn.co/image/ab67616d0000b273b3d0e4f3a732275aef023ba6,
https://i.scdn.co/image/ab67616d0000b273e7eb920ba3a38455d3a0055b,
https://i.scdn.co/image/ab67616d0000b273225c1579252abc31b7fcdb80,
https://i.scdn.co/image/ab67616d0000b273591ae95ad5dec25340a349c8,
https://i.scdn.co/image/ab67616d0000b273aef0dd69a683c49882819ada,
https://i.scdn.co/image/ab67616d0000b273b3d0e4f3a732275aef023ba6,
https://i.scdn.co/image/ab67616d0000b273974885115ab74ae3854825dc,
https://i.scdn.co/image/ab67616d0000b273f5b78b184791429ff591d444,
https://i.scdn.co/image/ab67616d0000b2732ef6c2ff107f7620b8df8492,
https://i.scdn.co/image/ab67616d0000b2735b193323064bbf4b2993e40c,
https://i.scdn.co/image/ab67616d0000b273e3a666eaa36a2e7e3303811e,
https://i.scdn.co/image/ab67616d0000b273a96b0a358219f43653040152,
https://i.scdn.co/image/ab67616d0000b273c1ea4aac1ad07a38c59dd30c,
https://i.scdn.co/image/ab67616d0000b273e7eb920ba3a38455d3a0055b,
https://i.scdn.co/image/ab67616d0000b2731dfb8a363c10e6bf4478efc3,
https://i.scdn.co/image/ab67616d0000b273140bf7763dc4647dec0d3dba,
https://i.scdn.co/image/ab67616d0000b273d67485c0b132e1697ce79f8d,
https://i.scdn.co/image/ab67616d0000b2735d06d988d5e558fd48c25b81,
https://i.scdn.co/image/ab67616d0000b273b31f2c4a1bb4dd6496b1c8d4,
https://i.scdn.co/image/ab67616d0000b273c2071b1a5546cf585a2da1ea,
https://i.scdn.co/image/ab67616d0000b273c98ab8d3cadb7bfb6f753162,
https://i.scdn.co/image/ab67616d0000b2737d382cad38c623cbb38c2ffa,
https://i.scdn.co/image/ab67616d0000b2737b7811bf9b246a1ea4c4d499,
https://i.scdn.co/image/ab67616d0000b2735b193323064bbf4b2993e40c,
https://i.scdn.co/image/ab67616d0000b273a267f8e5ed3321a9024ef238,
https://i.scdn.co/image/ab67616d0000b2732478ab26b6e5fe2cf84a9423,
https://i.scdn.co/image/ab67616d0000b2736966b15169ca0e31cde1b43a,
https://i.scdn.co/image/ab67616d0000b273d7cd1518ed806e9e55670d8b,
https://i.scdn.co/image/ab67616d0000b2736966b15169ca0e31cde1b43a,
https://i.scdn.co/image/ab67616d0000b2730dddd5c0cb00324c1c94529a,
https://i.scdn.co/image/ab67616d0000b273140bf7763dc4647dec0d3dba,
https://i.scdn.co/image/ab67616d0000b27339d6d49a23e5acd29e159e7d,
https://i.scdn.co/image/ab67616d0000b273d2939cd35a91749044ec6a89,
https://i.scdn.co/image/ab67616d0000b273dc3ce2b787ae2ca365f974f0,
https://i.scdn.co/image/ab67616d0000b273c1ea4aac1ad07a38c59dd30c,
https://i.scdn.co/image/ab67616d0000b27377d1fe318b342d2eccc4539a,
https://i.scdn.co/image/ab67616d0000b273cfd61ffcd285a7719cf0ef66,
https://i.scdn.co/image/ab67616d0000b2736b6e8939acefa65fb5ab3d2b,
https://i.scdn.co/image/ab67616d0000b273d7cd1518ed806e9e55670d8b,
https://i.scdn.co/image/ab67616d0000b27377b67184dec7074a2726440b,
https://i.scdn.co/image/ab67616d0000b273d78de7ed9daff1b52852668b,
https://i.scdn.co/image/ab67616d0000b2731897da6c136b934396a9aae6,
https://i.scdn.co/image/ab67616d0000b2739f9a23133568d6ba75cb926e,
https://i.scdn.co/image/ab67616d0000b27340e152d8a1f20c7a607e45db,
https://i.scdn.co/image/ab67616d0000b27364c4641903b0e8b59735f466,
https://i.scdn.co/image/ab67616d0000b2739c63deddff43d8e8d6bc8d27,
https://i.scdn.co/image/ab67616d0000b2730332a2fb80a4484150ac5dd2,
https://i.scdn.co/image/ab67616d0000b2739780478cad7ac2c5a75d0a84,
https://i.scdn.co/image/ab67616d0000b273591807faf242bee26126dcfe,
https://i.scdn.co/image/ab67616d0000b273aa2ff3aa2eb32b212b737ce1,
https://i.scdn.co/image/ab67616d0000b2736966b15169ca0e31cde1b43a,
https://i.scdn.co/image/ab67616d0000b2736b6e8939acefa65fb5ab3d2b,
https://i.scdn.co/image/ab67616d0000b27384a7448c13c6ddb99402968e,
https://i.scdn.co/image/ab67616d0000b273a436ddb177282e2cbd755725,
https://i.scdn.co/image/ab67616d0000b27364c4641903b0e8b59735f466,
https://i.scdn.co/image/ab67616d0000b2731f732354a14ccb6483b1fc7d,
https://i.scdn.co/image/ab67616d0000b273432c0ff56f3eb780e009042d,
https://i.scdn.co/image/ab67616d0000b273d8cb5487af7fe01ecd16d1bf,
https://i.scdn.co/image/ab67616d0000b273c98ab8d3cadb7bfb6f753162,
https://i.scdn.co/image/ab67616d0000b273bb2aad1ceb011b96b07f3461,
https://i.scdn.co/image/ab67616d0000b273a32c77222e15a4fbc1e0d837,
https://i.scdn.co/image/ab67616d0000b2735c00c8efbf844ab50a7c3472,
https://i.scdn.co/image/ab67616d0000b273d7cd1518ed806e9e55670d8b,
https://i.scdn.co/image/ab67616d0000b2732423ad3804ef688c055b4d67,
https://i.scdn.co/image/ab67616d0000b273cf79678449b2428d0a0c90a7,
https://i.scdn.co/image/ab67616d0000b27341c6f92a11c1e7d069402de7,
https://i.scdn.co/image/ab67616d0000b273140bf7763dc4647dec0d3dba,
https://i.scdn.co/image/ab67616d0000b2730dddd5c0cb00324c1c94529a,
https://i.scdn.co/image/ab67616d0000b2735b193323064bbf4b2993e40c,
https://i.scdn.co/image/ab67616d0000b273c407fbb2b62ee25cc1897f6d,
https://i.scdn.co/image/ab67616d0000b2736f7eba8cfefa5d7160d4dbbb,
https://i.scdn.co/image/ab67616d0000b273256893884a3da08b4db36bd2,
https://i.scdn.co/image/ab67616d0000b273b3d0e4f3a732275aef023ba6,
https://i.scdn.co/image/ab67616d0000b2735c00c8efbf844ab50a7c3472,
https://i.scdn.co/image/ab67616d0000b273520043ab4865c21eef097834,
https://i.scdn.co/image/ab67616d0000b27358a0d116efda120b1d2d4bc7,
https://i.scdn.co/image/ab67616d0000b273e28bdd0171711b05b76df711,
https://i.scdn.co/image/ab67616d0000b2736413c9e4e520a8075528f592,
https://i.scdn.co/image/ab67616d0000b2731f732354a14ccb6483b1fc7d,
https://i.scdn.co/image/ab67616d0000b27377b67184dec7074a2726440b,
https://i.scdn.co/image/ab67616d0000b2737f8f56ebfd55286f5a51f558,
https://i.scdn.co/image/ab67616d0000b2738a5836b4c238ab802b48a80a,
https://i.scdn.co/image/ab67616d0000b273c407fbb2b62ee25cc1897f6d,
https://i.scdn.co/image/ab67616d0000b273783c16bd9b0b5bf80292b57e,
https://i.scdn.co/image/ab67616d0000b2738a5836b4c238ab802b48a80a,
https://i.scdn.co/image/ab67616d0000b273f9fdb89914d0f4fa42982946,
https://i.scdn.co/image/ab67616d0000b273d2939cd35a91749044ec6a89,
https://i.scdn.co/image/ab67616d0000b273fca24bada5381ac02c54033f,
https://i.scdn.co/image/ab67616d0000b273974885115ab74ae3854825dc,
https://i.scdn.co/image/ab67616d0000b2736f7eba8cfefa5d7160d4dbbb,
https://i.scdn.co/image/ab67616d0000b27336ab355712fb7a6ea1c31d0d,
https://i.scdn.co/image/ab67616d0000b273728eae89427c8bdc50780c92,
https://i.scdn.co/image/ab67616d0000b2731c3187c49ae13b80283a8040,
https://i.scdn.co/image/ab67616d0000b273f6b9b62ea130943d371b69ef,
https://i.scdn.co/image/ab67616d0000b2730dddd5c0cb00324c1c94529a,
https://i.scdn.co/image/ab67616d0000b27358a0d116efda120b1d2d4bc7,
https://i.scdn.co/image/ab67616d0000b27348ecdba22bdd2bff40a107da,
https://i.scdn.co/image/ab67616d0000b273e3a666eaa36a2e7e3303811e,
https://i.scdn.co/image/ab67616d0000b2737b7811bf9b246a1ea4c4d499,
https://i.scdn.co/image/ab67616d0000b273bf76d39020acb06d472e11d7,
https://i.scdn.co/image/ab67616d0000b2739c63deddff43d8e8d6bc8d27,
https://i.scdn.co/image/ab67616d0000b273e7eb920ba3a38455d3a0055b,
https://i.scdn.co/image/ab67616d0000b2732eeca53a8681b9e131366dc9,
https://i.scdn.co/image/ab67616d0000b273e04eb43df510a53e18535444,
https://i.scdn.co/image/ab67616d0000b2731dfb8a363c10e6bf4478efc3,
https://i.scdn.co/image/ab67616d0000b273e28bdd0171711b05b76df711,
https://i.scdn.co/image/ab67616d0000b2736966b15169ca0e31cde1b43a,
https://i.scdn.co/image/ab67616d0000b273468fa5ec4a26448e334485fc,
https://i.scdn.co/image/ab67616d0000b273c98ab8d3cadb7bfb6f753162,
https://i.scdn.co/image/ab67616d0000b273c98ab8d3cadb7bfb6f753162,
https://i.scdn.co/image/ab67616d0000b273b31f2c4a1bb4dd6496b1c8d4,
https://i.scdn.co/image/ab67616d0000b2734a8a108d18479124b7f46beb,
https://i.scdn.co/image/ab67616d0000b273f64bee241e38459009dc8d59,
https://i.scdn.co/image/ab67616d0000b2737fb35ea0b0a0b34837061529,
https://i.scdn.co/image/ab67616d0000b273629f765496596c612e2ed7fd,
https://i.scdn.co/image/ab67616d0000b273a436ddb177282e2cbd755725,
https://i.scdn.co/image/ab67616d0000b273805c71850d55812542ed27e1,
https://i.scdn.co/image/ab67616d0000b2732584d553afe23cb507aa44e0,
https://i.scdn.co/image/ab67616d0000b273d78de7ed9daff1b52852668b,
https://i.scdn.co/image/ab67616d0000b2735c00c8efbf844ab50a7c3472,
https://i.scdn.co/image/ab67616d0000b273390144af17eb19c99e5094a5,
https://i.scdn.co/image/ab67616d0000b273aef0dd69a683c49882819ada,
https://i.scdn.co/image/ab67616d0000b2730f70a72e0c7a06f06ca5270e,
https://i.scdn.co/image/ab67616d0000b2737706bdced5e24c9e33ed6884,
https://i.scdn.co/image/ab67616d0000b2737146ff1edc9d2b755a34401b,
https://i.scdn.co/image/ab67616d0000b273468fa5ec4a26448e334485fc,
https://i.scdn.co/image/ab67616d0000b273728eae89427c8bdc50780c92,
https://i.scdn.co/image/ab67616d0000b2731224e4afe00c0684071ee7b1,
https://i.scdn.co/image/ab67616d0000b273974885115ab74ae3854825dc,
https://i.scdn.co/image/ab67616d0000b273591ae95ad5dec25340a349c8,
https://i.scdn.co/image/ab67616d0000b273591ae95ad5dec25340a349c8,
https://i.scdn.co/image/ab67616d0000b273f9fdb89914d0f4fa42982946,
https://i.scdn.co/image/ab67616d0000b273ecb8971ec5f705616cb36dff,
https://i.scdn.co/image/ab67616d0000b273f5b78b184791429ff591d444,
https://i.scdn.co/image/ab67616d0000b273368153aa19030caf67a22588,
https://i.scdn.co/image/ab67616d0000b27311e89255968e7644c8a7deb7,
https://i.scdn.co/image/ab67616d0000b2735c00c8efbf844ab50a7c3472,
https://i.scdn.co/image/ab67616d0000b2731224e4afe00c0684071ee7b1,
https://i.scdn.co/image/ab67616d0000b2732423ad3804ef688c055b4d67,
https://i.scdn.co/image/ab67616d0000b2739780478cad7ac2c5a75d0a84,
https://i.scdn.co/image/ab67616d0000b2737f2440488a5a9edd05c525c8,
https://i.scdn.co/image/ab67616d0000b2736d3a1fa44e3651c7d49641e9,
https://i.scdn.co/image/ab67616d0000b2739c63deddff43d8e8d6bc8d27,
https://i.scdn.co/image/ab67616d0000b273783c16bd9b0b5bf80292b57e,
https://i.scdn.co/image/ab67616d0000b273da3782e4e6eb5acfeede7824,
https://i.scdn.co/image/ab67616d0000b2736f7eba8cfefa5d7160d4dbbb,
https://i.scdn.co/image/ab67616d0000b273d715225d252ea7ddcb483583,
https://i.scdn.co/image/ab67616d0000b273bb2aad1ceb011b96b07f3461,
https://i.scdn.co/image/ab67616d0000b273aef0dd69a683c49882819ada,
https://i.scdn.co/image/ab67616d0000b273da0992d86e45445e8e15a3b7,
https://i.scdn.co/image/ab67616d0000b2732799015342c96de4a7bf9fae,
https://i.scdn.co/image/ab67616d0000b273b74df3122f2376c638d28667,
https://i.scdn.co/image/ab67616d0000b2735d59b29e02019e4086c9bc11,
https://i.scdn.co/image/ab67616d0000b273028535a79baa6b52969db13d,
https://i.scdn.co/image/ab67616d0000b2737b7811bf9b246a1ea4c4d499,
https://i.scdn.co/image/ab67616d0000b273c39b72d5732f05c0b61fb70b,
https://i.scdn.co/image/ab67616d0000b27340e152d8a1f20c7a607e45db,
https://i.scdn.co/image/ab67616d0000b2736413c9e4e520a8075528f592,
https://i.scdn.co/image/ab67616d0000b273b45ad59bdd13ff6350120b29,
https://i.scdn.co/image/ab67616d0000b27352a6d22d7e1d75842f64685f,
https://i.scdn.co/image/ab67616d0000b2739f9a23133568d6ba75cb926e,
https://i.scdn.co/image/ab67616d0000b273591ae95ad5dec25340a349c8,
https://i.scdn.co/image/ab67616d0000b273006734188d728f15a40aa753,
https://i.scdn.co/image/ab67616d0000b27315d12c0659a917040b7f5c63,
https://i.scdn.co/image/ab67616d0000b273390144af17eb19c99e5094a5,
https://i.scdn.co/image/ab67616d0000b273a32c77222e15a4fbc1e0d837,
